{
  "generator-jhipster": {
    "applicationType": "monolith",
    "authenticationType": "jwt",
    "baseName": "Bibliotheque",
    "blueprints": [],
    "buildTool": "maven",
    "cacheProvider": "ehcache",
    "clientFramework": "react",
    "clientPackageManager": "npm",
    "clientTheme": "none",
    "clientThemeVariant": "",
    "creationTimestamp": 1685531484875,
    "databaseType": "sql",
    "devDatabaseType": "mysql",
    "devServerPort": 9060,
    "dtoSuffix": "DTO",
    "enableGradleEnterprise": false,
    "enableHibernateCache": true,
    "enableSwaggerCodegen": "true",
    "enableTranslation": true,
    "entitySuffix": "",
    "gitCompany": "",
    "jhiPrefix": "jhi",
    "jhipsterVersion": "7.9.3",
    "jwtSecretKey": "OGFhM2IzZjk2YWU1YTZhOGIwZjhkOTE0NzFkMDg5NzBiZGI0NjE0OGYyODYxOGY5ZjRiMWU1YWJlNTQxZTVmMmM2YzA4NWZkMmI4YWQyYzQ5ODE0ZjY3NTRkYWFiY2ZiNjQyOWViMWJlMDljMzgwODU0M2UwOTUwNzIwZTZmYjk=",
    "languages": ["fr", "en"],
    "messageBroker": false,
    "nativeLanguage": "fr",
    "otherModules": [],
    "packageFolder": "com/mycompany/bibliotheque",
    "packageName": "com.mycompany.bibliotheque",
    "pages": [],
    "prodDatabaseType": "mysql",
    "reactive": false,
    "searchEngine": false,
    "serverPort": 9999,
    "serviceDiscoveryType": "eureka",
    "skipCheckLengthOfIdentifier": false,
    "skipClient": false,
    "skipFakeData": false,
    "skipUserManagement": false,
    "testFrameworks": ["cypress"],
    "useSass": true,
    "websocket": false,
    "withAdminUi": true
  }
}
